file,status,size,choice_d_chars,white_bottom,snippet
"app1_unit1_1_1_q1.png",ERROR,"",0,False,""
"app1_unit1_1_1_q2.png",ERROR,"",0,False,""
"app1_unit1_1_1_q3.png",ERROR,"",0,False,""
"app1_unit1_1_1_q4.png",ERROR,"",0,False,""
"app1_unit1_1_1_q5.png",ERROR,"",0,False,""
"app1_unit1_1_1_q6.png",ERROR,"",0,False,""
"app1_unit1_1_1_q7.png",ERROR,"",0,False,""
"app1_unit1_1_1_q8.png",ERROR,"",0,False,""
"app1_unit1_1_1_q9.png",ERROR,"",0,False,""
"app1_unit1_1_2_q1.png",ERROR,"",0,False,""
"app1_unit1_1_2_q2.png",ERROR,"",0,False,""
"app1_unit1_1_2_q3.png",ERROR,"",0,False,""
"app1_unit1_1_2_q4.png",ERROR,"",0,False,""
"app1_unit1_1_2_q5.png",ERROR,"",0,False,""
"app1_unit1_1_2_q6.png",ERROR,"",0,False,""
"app1_unit1_1_2_q7.png",ERROR,"",0,False,""
"app1_unit1_1_2_q8.png",ERROR,"",0,False,""
"app1_unit1_1_2_q9.png",ERROR,"",0,False,""
"app1_unit1_1_3_q1.png",ERROR,"",0,False,""
"app1_unit1_1_3_q2.png",ERROR,"",0,False,""
"app1_unit1_1_3_q3.png",ERROR,"",0,False,""
"app1_unit1_1_3_q4.png",ERROR,"",0,False,""
"app1_unit1_1_3_q5.png",ERROR,"",0,False,""
"app1_unit1_1_3_q6.png",ERROR,"",0,False,""
"app1_unit1_1_3_q7.png",ERROR,"",0,False,""
"app1_unit1_1_3_q8.png",ERROR,"",0,False,""
"app1_unit1_1_3_q9.png",ERROR,"",0,False,""
"app1_unit1_1_4_q1.png",ERROR,"",0,False,""
"app1_unit1_1_4_q2.png",ERROR,"",0,False,""
"app1_unit1_1_4_q3.png",ERROR,"",0,False,""
"app1_unit1_1_4_q4.png",ERROR,"",0,False,""
"app1_unit1_1_4_q5.png",ERROR,"",0,False,""
"app1_unit1_1_4_q6.png",ERROR,"",0,False,""
"app1_unit1_1_4_q7.png",ERROR,"",0,False,""
"app1_unit1_1_4_q8.png",ERROR,"",0,False,""
"app1_unit1_1_4_q9.png",ERROR,"",0,False,""
"app1_unit1_1_5_q1.png",ERROR,"",0,False,""
"app1_unit1_1_5_q2.png",ERROR,"",0,False,""
"app1_unit1_1_5_q3.png",ERROR,"",0,False,""
"app1_unit1_1_5_q4.png",ERROR,"",0,False,""
"app1_unit1_1_5_q5.png",ERROR,"",0,False,""
"app1_unit1_1_5_q6.png",ERROR,"",0,False,""
"app1_unit1_1_5_q7.png",ERROR,"",0,False,""
"app1_unit1_1_5_q8.png",ERROR,"",0,False,""
"app1_unit1_1_5_q9.png",ERROR,"",0,False,""
"app1_unit1_section_2_quiz_q1.png",ERROR,"",0,False,""
"app1_unit1_section_2_quiz_q2.png",ERROR,"",0,False,""
"app1_unit1_unit_1_practice_exam_q1.png",ERROR,"",0,False,""
"app1_unit1_unit_1_practice_exam_q10.png",ERROR,"",0,False,""
"app1_unit1_unit_1_practice_exam_q11.png",ERROR,"",0,False,""
"app1_unit1_unit_1_practice_exam_q12.png",ERROR,"",0,False,""
"app1_unit1_unit_1_practice_exam_q13.png",ERROR,"",0,False,""
"app1_unit1_unit_1_practice_exam_q2.png",ERROR,"",0,False,""
"app1_unit1_unit_1_practice_exam_q3.png",ERROR,"",0,False,""
"app1_unit1_unit_1_practice_exam_q4.png",ERROR,"",0,False,""
"app1_unit1_unit_1_practice_exam_q5.png",ERROR,"",0,False,""
"app1_unit1_unit_1_practice_exam_q6.png",ERROR,"",0,False,""
"app1_unit1_unit_1_practice_exam_q7.png",ERROR,"",0,False,""
"app1_unit1_unit_1_practice_exam_q8.png",ERROR,"",0,False,""
"app1_unit1_unit_1_practice_exam_q9.png",ERROR,"",0,False,""
"app1_unit1_unit_1_progress_check_q1.png",ERROR,"",0,False,""
"app1_unit1_unit_1_progress_check_q10.png",ERROR,"",0,False,""
"app1_unit1_unit_1_progress_check_q11.png",ERROR,"",0,False,""
"app1_unit1_unit_1_progress_check_q12.png",ERROR,"",0,False,""
"app1_unit1_unit_1_progress_check_q13.png",ERROR,"",0,False,""
"app1_unit1_unit_1_progress_check_q14.png",ERROR,"",0,False,""
"app1_unit1_unit_1_progress_check_q15.png",ERROR,"",0,False,""
"app1_unit1_unit_1_progress_check_q16.png",ERROR,"",0,False,""
"app1_unit1_unit_1_progress_check_q17.png",ERROR,"",0,False,""
"app1_unit1_unit_1_progress_check_q18.png",ERROR,"",0,False,""
"app1_unit1_unit_1_progress_check_q2.png",ERROR,"",0,False,""
"app1_unit1_unit_1_progress_check_q3.png",ERROR,"",0,False,""
"app1_unit1_unit_1_progress_check_q4.png",ERROR,"",0,False,""
"app1_unit1_unit_1_progress_check_q5.png",ERROR,"",0,False,""
"app1_unit1_unit_1_progress_check_q6.png",ERROR,"",0,False,""
"app1_unit1_unit_1_progress_check_q7.png",ERROR,"",0,False,""
"app1_unit1_unit_1_progress_check_q8.png",ERROR,"",0,False,""
"app1_unit1_unit_1_progress_check_q9.png",ERROR,"",0,False,""
"app1_unit2_2_1_q1.png",ERROR,"",0,False,""
"app1_unit2_2_1_q2.png",ERROR,"",0,False,""
"app1_unit2_2_1_q3.png",ERROR,"",0,False,""
"app1_unit2_2_1_q4.png",ERROR,"",0,False,""
"app1_unit2_2_1_q5.png",ERROR,"",0,False,""
"app1_unit2_2_1_q6.png",ERROR,"",0,False,""
"app1_unit2_2_1_q7.png",ERROR,"",0,False,""
"app1_unit2_2_1_q8.png",ERROR,"",0,False,""
"app1_unit2_2_1_q9.png",ERROR,"",0,False,""
"app1_unit2_2_2_q1.png",ERROR,"",0,False,""
"app1_unit2_2_2_q2.png",ERROR,"",0,False,""
"app1_unit2_2_2_q3.png",ERROR,"",0,False,""
"app1_unit2_2_2_q4.png",ERROR,"",0,False,""
"app1_unit2_2_2_q5.png",ERROR,"",0,False,""
"app1_unit2_2_2_q6.png",ERROR,"",0,False,""
"app1_unit2_2_2_q7.png",ERROR,"",0,False,""
"app1_unit2_2_2_q8.png",ERROR,"",0,False,""
"app1_unit2_2_2_q9.png",ERROR,"",0,False,""
"app1_unit2_2_3_q1.png",ERROR,"",0,False,""
"app1_unit2_2_3_q2.png",ERROR,"",0,False,""
"app1_unit2_2_3_q3.png",ERROR,"",0,False,""
"app1_unit2_2_3_q4.png",ERROR,"",0,False,""
"app1_unit2_2_3_q5.png",ERROR,"",0,False,""
"app1_unit2_2_3_q6.png",ERROR,"",0,False,""
"app1_unit2_2_3_q7.png",ERROR,"",0,False,""
"app1_unit2_2_3_q8.png",ERROR,"",0,False,""
"app1_unit2_2_3_q9.png",ERROR,"",0,False,""
"app1_unit2_2_4_q1.png",ERROR,"",0,False,""
"app1_unit2_2_4_q2.png",ERROR,"",0,False,""
"app1_unit2_2_4_q3.png",ERROR,"",0,False,""
"app1_unit2_2_4_q4.png",ERROR,"",0,False,""
"app1_unit2_2_4_q5.png",ERROR,"",0,False,""
"app1_unit2_2_4_q6.png",ERROR,"",0,False,""
"app1_unit2_2_4_q7.png",ERROR,"",0,False,""
"app1_unit2_2_4_q8.png",ERROR,"",0,False,""
"app1_unit2_2_4_q9.png",ERROR,"",0,False,""
"app1_unit2_2_5_q1.png",ERROR,"",0,False,""
"app1_unit2_2_5_q2.png",ERROR,"",0,False,""
"app1_unit2_2_5_q3.png",ERROR,"",0,False,""
"app1_unit2_2_5_q4.png",ERROR,"",0,False,""
"app1_unit2_2_5_q5.png",ERROR,"",0,False,""
"app1_unit2_2_5_q6.png",ERROR,"",0,False,""
"app1_unit2_2_5_q7.png",ERROR,"",0,False,""
"app1_unit2_2_5_q8.png",ERROR,"",0,False,""
"app1_unit2_2_5_q9.png",ERROR,"",0,False,""
"app1_unit2_2_6_q1.png",ERROR,"",0,False,""
"app1_unit2_2_6_q2.png",ERROR,"",0,False,""
"app1_unit2_2_6_q3.png",ERROR,"",0,False,""
"app1_unit2_2_6_q4.png",ERROR,"",0,False,""
"app1_unit2_2_6_q5.png",ERROR,"",0,False,""
"app1_unit2_2_6_q6.png",ERROR,"",0,False,""
"app1_unit2_2_6_q7.png",ERROR,"",0,False,""
"app1_unit2_2_6_q8.png",ERROR,"",0,False,""
"app1_unit2_2_6_q9.png",ERROR,"",0,False,""
"app1_unit2_2_7_q1.png",ERROR,"",0,False,""
"app1_unit2_2_7_q2.png",ERROR,"",0,False,""
"app1_unit2_2_7_q3.png",ERROR,"",0,False,""
"app1_unit2_2_7_q4.png",ERROR,"",0,False,""
"app1_unit2_2_7_q5.png",ERROR,"",0,False,""
"app1_unit2_2_7_q6.png",ERROR,"",0,False,""
"app1_unit2_2_7_q7.png",ERROR,"",0,False,""
"app1_unit2_2_7_q8.png",ERROR,"",0,False,""
"app1_unit2_2_7_q9.png",ERROR,"",0,False,""
"app1_unit2_2_8_q1.png",ERROR,"",0,False,""
"app1_unit2_2_8_q2.png",ERROR,"",0,False,""
"app1_unit2_2_8_q3.png",ERROR,"",0,False,""
"app1_unit2_2_8_q4.png",ERROR,"",0,False,""
"app1_unit2_2_8_q5.png",ERROR,"",0,False,""
"app1_unit2_2_8_q6.png",ERROR,"",0,False,""
"app1_unit2_2_8_q7.png",ERROR,"",0,False,""
"app1_unit2_2_8_q8.png",ERROR,"",0,False,""
"app1_unit2_2_8_q9.png",ERROR,"",0,False,""
"app1_unit2_2_9_q1.png",ERROR,"",0,False,""
"app1_unit2_2_9_q2.png",ERROR,"",0,False,""
"app1_unit2_2_9_q3.png",ERROR,"",0,False,""
"app1_unit2_2_9_q4.png",ERROR,"",0,False,""
"app1_unit2_2_9_q5.png",ERROR,"",0,False,""
"app1_unit2_2_9_q6.png",ERROR,"",0,False,""
"app1_unit2_2_9_q7.png",ERROR,"",0,False,""
"app1_unit2_2_9_q8.png",ERROR,"",0,False,""
"app1_unit2_2_9_q9.png",ERROR,"",0,False,""
"app1_unit2_unit_2_progress_check_q1.png",ERROR,"",0,False,""
"app1_unit2_unit_2_progress_check_q10.png",ERROR,"",0,False,""
"app1_unit2_unit_2_progress_check_q11.png",ERROR,"",0,False,""
"app1_unit2_unit_2_progress_check_q12.png",ERROR,"",0,False,""
"app1_unit2_unit_2_progress_check_q13.png",ERROR,"",0,False,""
"app1_unit2_unit_2_progress_check_q14.png",ERROR,"",0,False,""
"app1_unit2_unit_2_progress_check_q15.png",ERROR,"",0,False,""
"app1_unit2_unit_2_progress_check_q16.png",ERROR,"",0,False,""
"app1_unit2_unit_2_progress_check_q17.png",ERROR,"",0,False,""
"app1_unit2_unit_2_progress_check_q18.png",ERROR,"",0,False,""
"app1_unit2_unit_2_progress_check_q19.png",ERROR,"",0,False,""
"app1_unit2_unit_2_progress_check_q2.png",ERROR,"",0,False,""
"app1_unit2_unit_2_progress_check_q20.png",ERROR,"",0,False,""
"app1_unit2_unit_2_progress_check_q21.png",ERROR,"",0,False,""
"app1_unit2_unit_2_progress_check_q22.png",ERROR,"",0,False,""
"app1_unit2_unit_2_progress_check_q23.png",ERROR,"",0,False,""
"app1_unit2_unit_2_progress_check_q24.png",ERROR,"",0,False,""
"app1_unit2_unit_2_progress_check_q25.png",ERROR,"",0,False,""
"app1_unit2_unit_2_progress_check_q26.png",ERROR,"",0,False,""
"app1_unit2_unit_2_progress_check_q27.png",ERROR,"",0,False,""
"app1_unit2_unit_2_progress_check_q28.png",ERROR,"",0,False,""
"app1_unit2_unit_2_progress_check_q29.png",ERROR,"",0,False,""
"app1_unit2_unit_2_progress_check_q3.png",ERROR,"",0,False,""
"app1_unit2_unit_2_progress_check_q30.png",ERROR,"",0,False,""
"app1_unit2_unit_2_progress_check_q4.png",ERROR,"",0,False,""
"app1_unit2_unit_2_progress_check_q5.png",ERROR,"",0,False,""
"app1_unit2_unit_2_progress_check_q6.png",ERROR,"",0,False,""
"app1_unit2_unit_2_progress_check_q7.png",ERROR,"",0,False,""
"app1_unit2_unit_2_progress_check_q8.png",ERROR,"",0,False,""
"app1_unit2_unit_2_progress_check_q9.png",ERROR,"",0,False,""
"app1_unit3a_3_1_q1.png",ERROR,"",0,False,""
"app1_unit3a_3_1_q2.png",ERROR,"",0,False,""
"app1_unit3a_3_1_q3.png",ERROR,"",0,False,""
"app1_unit3a_3_1_q4.png",ERROR,"",0,False,""
"app1_unit3a_3_1_q5.png",ERROR,"",0,False,""
"app1_unit3a_3_1_q6.png",ERROR,"",0,False,""
"app1_unit3a_3_1_q7.png",ERROR,"",0,False,""
"app1_unit3a_3_1_q8.png",ERROR,"",0,False,""
"app1_unit3a_3_1_q9.png",ERROR,"",0,False,""
"app1_unit3a_3_2_q1.png",ERROR,"",0,False,""
"app1_unit3a_3_2_q2.png",ERROR,"",0,False,""
"app1_unit3a_3_2_q3.png",ERROR,"",0,False,""
"app1_unit3a_3_2_q4.png",ERROR,"",0,False,""
"app1_unit3a_3_2_q5.png",ERROR,"",0,False,""
"app1_unit3a_3_2_q6.png",ERROR,"",0,False,""
"app1_unit3a_3_2_q7.png",ERROR,"",0,False,""
"app1_unit3a_3_2_q8.png",ERROR,"",0,False,""
"app1_unit3a_3_2_q9.png",ERROR,"",0,False,""
"app1_unit3a_3_3_q1.png",ERROR,"",0,False,""
"app1_unit3a_3_3_q2.png",ERROR,"",0,False,""
"app1_unit3a_3_3_q3.png",ERROR,"",0,False,""
"app1_unit3a_3_3_q4.png",ERROR,"",0,False,""
"app1_unit3a_3_3_q5.png",ERROR,"",0,False,""
"app1_unit3a_3_3_q6.png",ERROR,"",0,False,""
"app1_unit3a_3_3_q7.png",ERROR,"",0,False,""
"app1_unit3a_3_3_q8.png",ERROR,"",0,False,""
"app1_unit3a_3_3_q9.png",ERROR,"",0,False,""
"app1_unit3a_3_4_q1.png",ERROR,"",0,False,""
"app1_unit3a_3_4_q2.png",ERROR,"",0,False,""
"app1_unit3a_3_4_q3.png",ERROR,"",0,False,""
"app1_unit3a_3_4_q4.png",ERROR,"",0,False,""
"app1_unit3a_3_4_q5.png",ERROR,"",0,False,""
"app1_unit3a_3_4_q6.png",ERROR,"",0,False,""
"app1_unit3a_3_4_q7.png",ERROR,"",0,False,""
"app1_unit3a_3_4_q8.png",ERROR,"",0,False,""
"app1_unit3a_3_4_q9.png",ERROR,"",0,False,""
"app1_unit3a_3_5_q1.png",ERROR,"",0,False,""
"app1_unit3a_3_5_q2.png",ERROR,"",0,False,""
"app1_unit3a_3_5_q3.png",ERROR,"",0,False,""
"app1_unit3a_3_5_q4.png",ERROR,"",0,False,""
"app1_unit3a_3_5_q5.png",ERROR,"",0,False,""
"app1_unit3a_3_5_q6.png",ERROR,"",0,False,""
"app1_unit3a_3_5_q7.png",ERROR,"",0,False,""
"app1_unit3a_3_5_q8.png",ERROR,"",0,False,""
"app1_unit3a_3_5_q9.png",ERROR,"",0,False,""
"app1_unit3a_unit_3_progress_check_q1.png",ERROR,"",0,False,""
"app1_unit3a_unit_3_progress_check_q10.png",ERROR,"",0,False,""
"app1_unit3a_unit_3_progress_check_q11.png",ERROR,"",0,False,""
"app1_unit3a_unit_3_progress_check_q12.png",ERROR,"",0,False,""
"app1_unit3a_unit_3_progress_check_q13.png",ERROR,"",0,False,""
"app1_unit3a_unit_3_progress_check_q14.png",ERROR,"",0,False,""
"app1_unit3a_unit_3_progress_check_q15.png",ERROR,"",0,False,""
"app1_unit3a_unit_3_progress_check_q16.png",ERROR,"",0,False,""
"app1_unit3a_unit_3_progress_check_q17.png",ERROR,"",0,False,""
"app1_unit3a_unit_3_progress_check_q18.png",ERROR,"",0,False,""
"app1_unit3a_unit_3_progress_check_q2.png",ERROR,"",0,False,""
"app1_unit3a_unit_3_progress_check_q3.png",ERROR,"",0,False,""
"app1_unit3a_unit_3_progress_check_q4.png",ERROR,"",0,False,""
"app1_unit3a_unit_3_progress_check_q5.png",ERROR,"",0,False,""
"app1_unit3a_unit_3_progress_check_q6.png",ERROR,"",0,False,""
"app1_unit3a_unit_3_progress_check_q7.png",ERROR,"",0,False,""
"app1_unit3a_unit_3_progress_check_q8.png",ERROR,"",0,False,""
"app1_unit3a_unit_3_progress_check_q9.png",ERROR,"",0,False,""
"app1_unit4_4_1_q1.png",ERROR,"",0,False,""
"app1_unit4_4_1_q2.png",ERROR,"",0,False,""
"app1_unit4_4_1_q3.png",ERROR,"",0,False,""
"app1_unit4_4_1_q4.png",ERROR,"",0,False,""
"app1_unit4_4_1_q5.png",ERROR,"",0,False,""
"app1_unit4_4_1_q6.png",ERROR,"",0,False,""
"app1_unit4_4_1_q7.png",ERROR,"",0,False,""
"app1_unit4_4_1_q8.png",ERROR,"",0,False,""
"app1_unit4_4_1_q9.png",ERROR,"",0,False,""
"app1_unit4_4_2_q1.png",ERROR,"",0,False,""
"app1_unit4_4_2_q2.png",ERROR,"",0,False,""
"app1_unit4_4_2_q3.png",ERROR,"",0,False,""
"app1_unit4_4_2_q4.png",ERROR,"",0,False,""
"app1_unit4_4_2_q5.png",ERROR,"",0,False,""
"app1_unit4_4_2_q6.png",ERROR,"",0,False,""
"app1_unit4_4_2_q7.png",ERROR,"",0,False,""
"app1_unit4_4_2_q8.png",ERROR,"",0,False,""
"app1_unit4_4_2_q9.png",ERROR,"",0,False,""
"app1_unit4_4_3_q1.png",ERROR,"",0,False,""
"app1_unit4_4_3_q2.png",ERROR,"",0,False,""
"app1_unit4_4_3_q3.png",ERROR,"",0,False,""
"app1_unit4_4_3_q4.png",ERROR,"",0,False,""
"app1_unit4_4_3_q5.png",ERROR,"",0,False,""
"app1_unit4_4_3_q6.png",ERROR,"",0,False,""
"app1_unit4_4_3_q7.png",ERROR,"",0,False,""
"app1_unit4_4_3_q8.png",ERROR,"",0,False,""
"app1_unit4_4_3_q9.png",ERROR,"",0,False,""
"app1_unit4_4_4_q1.png",ERROR,"",0,False,""
"app1_unit4_4_4_q2.png",ERROR,"",0,False,""
"app1_unit4_4_4_q3.png",ERROR,"",0,False,""
"app1_unit4_4_4_q4.png",ERROR,"",0,False,""
"app1_unit4_4_4_q5.png",ERROR,"",0,False,""
"app1_unit4_4_4_q6.png",ERROR,"",0,False,""
"app1_unit4_4_4_q7.png",ERROR,"",0,False,""
"app1_unit4_4_4_q8.png",ERROR,"",0,False,""
"app1_unit4_4_4_q9.png",ERROR,"",0,False,""
"app1_unit4_unit_4_progress_check_q1.png",ERROR,"",0,False,""
"app1_unit4_unit_4_progress_check_q10.png",ERROR,"",0,False,""
"app1_unit4_unit_4_progress_check_q11.png",ERROR,"",0,False,""
"app1_unit4_unit_4_progress_check_q12.png",ERROR,"",0,False,""
"app1_unit4_unit_4_progress_check_q13.png",ERROR,"",0,False,""
"app1_unit4_unit_4_progress_check_q14.png",ERROR,"",0,False,""
"app1_unit4_unit_4_progress_check_q15.png",ERROR,"",0,False,""
"app1_unit4_unit_4_progress_check_q16.png",ERROR,"",0,False,""
"app1_unit4_unit_4_progress_check_q17.png",ERROR,"",0,False,""
"app1_unit4_unit_4_progress_check_q18.png",ERROR,"",0,False,""
"app1_unit4_unit_4_progress_check_q2.png",ERROR,"",0,False,""
"app1_unit4_unit_4_progress_check_q3.png",ERROR,"",0,False,""
"app1_unit4_unit_4_progress_check_q4.png",ERROR,"",0,False,""
"app1_unit4_unit_4_progress_check_q5.png",ERROR,"",0,False,""
"app1_unit4_unit_4_progress_check_q6.png",ERROR,"",0,False,""
"app1_unit4_unit_4_progress_check_q7.png",ERROR,"",0,False,""
"app1_unit4_unit_4_progress_check_q8.png",ERROR,"",0,False,""
"app1_unit4_unit_4_progress_check_q9.png",ERROR,"",0,False,""
"app1_unit5_5_1_q1.png",ERROR,"",0,False,""
"app1_unit5_5_1_q2.png",ERROR,"",0,False,""
"app1_unit5_5_1_q3.png",ERROR,"",0,False,""
"app1_unit5_5_1_q4.png",ERROR,"",0,False,""
"app1_unit5_5_1_q5.png",ERROR,"",0,False,""
"app1_unit5_5_1_q6.png",ERROR,"",0,False,""
"app1_unit5_5_1_q7.png",ERROR,"",0,False,""
"app1_unit5_5_1_q8.png",ERROR,"",0,False,""
"app1_unit5_5_1_q9.png",ERROR,"",0,False,""
"app1_unit5_5_2_q1.png",ERROR,"",0,False,""
"app1_unit5_5_2_q2.png",ERROR,"",0,False,""
"app1_unit5_5_2_q3.png",ERROR,"",0,False,""
"app1_unit5_5_2_q4.png",ERROR,"",0,False,""
"app1_unit5_5_2_q5.png",ERROR,"",0,False,""
"app1_unit5_5_2_q6.png",ERROR,"",0,False,""
"app1_unit5_5_2_q7.png",ERROR,"",0,False,""
"app1_unit5_5_2_q8.png",ERROR,"",0,False,""
"app1_unit5_5_2_q9.png",ERROR,"",0,False,""
"app1_unit5_5_3_q1.png",ERROR,"",0,False,""
"app1_unit5_5_3_q2.png",ERROR,"",0,False,""
"app1_unit5_5_3_q3.png",ERROR,"",0,False,""
"app1_unit5_5_3_q4.png",ERROR,"",0,False,""
"app1_unit5_5_3_q5.png",ERROR,"",0,False,""
"app1_unit5_5_3_q6.png",ERROR,"",0,False,""
"app1_unit5_5_3_q7.png",ERROR,"",0,False,""
"app1_unit5_5_3_q8.png",ERROR,"",0,False,""
"app1_unit5_5_3_q9.png",ERROR,"",0,False,""
"app1_unit5_5_4_q1.png",ERROR,"",0,False,""
"app1_unit5_5_4_q2.png",ERROR,"",0,False,""
"app1_unit5_5_4_q3.png",ERROR,"",0,False,""
"app1_unit5_5_4_q4.png",ERROR,"",0,False,""
"app1_unit5_5_4_q5.png",ERROR,"",0,False,""
"app1_unit5_5_4_q6.png",ERROR,"",0,False,""
"app1_unit5_5_4_q7.png",ERROR,"",0,False,""
"app1_unit5_5_4_q8.png",ERROR,"",0,False,""
"app1_unit5_5_4_q9.png",ERROR,"",0,False,""
"app1_unit5_5_5_q1.png",ERROR,"",0,False,""
"app1_unit5_5_5_q2.png",ERROR,"",0,False,""
"app1_unit5_5_5_q3.png",ERROR,"",0,False,""
"app1_unit5_5_5_q4.png",ERROR,"",0,False,""
"app1_unit5_5_5_q5.png",ERROR,"",0,False,""
"app1_unit5_5_5_q6.png",ERROR,"",0,False,""
"app1_unit5_5_5_q7.png",ERROR,"",0,False,""
"app1_unit5_5_5_q8.png",ERROR,"",0,False,""
"app1_unit5_5_5_q9.png",ERROR,"",0,False,""
"app1_unit5_5_6_q1.png",ERROR,"",0,False,""
"app1_unit5_5_6_q2.png",ERROR,"",0,False,""
"app1_unit5_5_6_q3.png",ERROR,"",0,False,""
"app1_unit5_5_6_q4.png",ERROR,"",0,False,""
"app1_unit5_5_6_q5.png",ERROR,"",0,False,""
"app1_unit5_5_6_q6.png",ERROR,"",0,False,""
"app1_unit5_5_6_q7.png",ERROR,"",0,False,""
"app1_unit5_5_6_q8.png",ERROR,"",0,False,""
"app1_unit5_5_6_q9.png",ERROR,"",0,False,""
"app1_unit6_6_1_q1.png",ERROR,"",0,False,""
"app1_unit6_6_1_q2.png",ERROR,"",0,False,""
"app1_unit6_6_1_q3.png",ERROR,"",0,False,""
"app1_unit6_6_1_q4.png",ERROR,"",0,False,""
"app1_unit6_6_1_q5.png",ERROR,"",0,False,""
"app1_unit6_6_1_q6.png",ERROR,"",0,False,""
"app1_unit6_6_1_q7.png",ERROR,"",0,False,""
"app1_unit6_6_1_q8.png",ERROR,"",0,False,""
"app1_unit6_6_1_q9.png",ERROR,"",0,False,""
"app1_unit6_6_2_q1.png",ERROR,"",0,False,""
"app1_unit6_6_2_q2.png",ERROR,"",0,False,""
"app1_unit6_6_2_q3.png",ERROR,"",0,False,""
"app1_unit6_6_2_q4.png",ERROR,"",0,False,""
"app1_unit6_6_2_q5.png",ERROR,"",0,False,""
"app1_unit6_6_2_q6.png",ERROR,"",0,False,""
"app1_unit6_6_2_q7.png",ERROR,"",0,False,""
"app1_unit6_6_2_q8.png",ERROR,"",0,False,""
"app1_unit6_6_2_q9.png",ERROR,"",0,False,""
"app1_unit6_6_3_q1.png",ERROR,"",0,False,""
"app1_unit6_6_3_q2.png",ERROR,"",0,False,""
"app1_unit6_6_3_q3.png",ERROR,"",0,False,""
"app1_unit6_6_3_q4.png",ERROR,"",0,False,""
"app1_unit6_6_3_q5.png",ERROR,"",0,False,""
"app1_unit6_6_3_q6.png",ERROR,"",0,False,""
"app1_unit6_6_3_q7.png",ERROR,"",0,False,""
"app1_unit6_6_3_q8.png",ERROR,"",0,False,""
"app1_unit6_6_3_q9.png",ERROR,"",0,False,""
"app1_unit6_6_4_q1.png",ERROR,"",0,False,""
"app1_unit6_6_4_q2.png",ERROR,"",0,False,""
"app1_unit6_6_4_q3.png",ERROR,"",0,False,""
"app1_unit6_6_4_q4.png",ERROR,"",0,False,""
"app1_unit6_6_4_q5.png",ERROR,"",0,False,""
"app1_unit6_6_4_q6.png",ERROR,"",0,False,""
"app1_unit6_6_4_q7.png",ERROR,"",0,False,""
"app1_unit6_6_4_q8.png",ERROR,"",0,False,""
"app1_unit6_6_4_q9.png",ERROR,"",0,False,""
"app1_unit6_6_5_q1.png",ERROR,"",0,False,""
"app1_unit6_6_5_q2.png",ERROR,"",0,False,""
"app1_unit6_6_5_q3.png",ERROR,"",0,False,""
"app1_unit6_6_5_q4.png",ERROR,"",0,False,""
"app1_unit6_6_5_q5.png",ERROR,"",0,False,""
"app1_unit6_6_5_q6.png",ERROR,"",0,False,""
"app1_unit6_6_5_q7.png",ERROR,"",0,False,""
"app1_unit6_6_5_q8.png",ERROR,"",0,False,""
"app1_unit6_6_5_q9.png",ERROR,"",0,False,""
"app1_unit6_unit_6_progress_check_q1.png",ERROR,"",0,False,""
"app1_unit6_unit_6_progress_check_q10.png",ERROR,"",0,False,""
"app1_unit6_unit_6_progress_check_q11.png",ERROR,"",0,False,""
"app1_unit6_unit_6_progress_check_q12.png",ERROR,"",0,False,""
"app1_unit6_unit_6_progress_check_q13.png",ERROR,"",0,False,""
"app1_unit6_unit_6_progress_check_q14.png",ERROR,"",0,False,""
"app1_unit6_unit_6_progress_check_q15.png",ERROR,"",0,False,""
"app1_unit6_unit_6_progress_check_q16.png",ERROR,"",0,False,""
"app1_unit6_unit_6_progress_check_q17.png",ERROR,"",0,False,""
"app1_unit6_unit_6_progress_check_q18.png",ERROR,"",0,False,""
"app1_unit6_unit_6_progress_check_q2.png",ERROR,"",0,False,""
"app1_unit6_unit_6_progress_check_q3.png",ERROR,"",0,False,""
"app1_unit6_unit_6_progress_check_q4.png",ERROR,"",0,False,""
"app1_unit6_unit_6_progress_check_q5.png",ERROR,"",0,False,""
"app1_unit6_unit_6_progress_check_q6.png",ERROR,"",0,False,""
"app1_unit6_unit_6_progress_check_q7.png",ERROR,"",0,False,""
"app1_unit6_unit_6_progress_check_q8.png",ERROR,"",0,False,""
"app1_unit6_unit_6_progress_check_q9.png",ERROR,"",0,False,""
"app1_unit7_7_1_q1.png",ERROR,"",0,False,""
"app1_unit7_7_1_q2.png",ERROR,"",0,False,""
"app1_unit7_7_1_q3.png",ERROR,"",0,False,""
"app1_unit7_7_1_q4.png",ERROR,"",0,False,""
"app1_unit7_7_1_q5.png",ERROR,"",0,False,""
"app1_unit7_7_1_q6.png",ERROR,"",0,False,""
"app1_unit7_7_1_q7.png",ERROR,"",0,False,""
"app1_unit7_7_1_q8.png",ERROR,"",0,False,""
"app1_unit7_7_1_q9.png",ERROR,"",0,False,""
"app1_unit7_7_2_q1.png",ERROR,"",0,False,""
"app1_unit7_7_2_q2.png",ERROR,"",0,False,""
"app1_unit7_7_2_q3.png",ERROR,"",0,False,""
"app1_unit7_7_2_q4.png",ERROR,"",0,False,""
"app1_unit7_7_2_q5.png",ERROR,"",0,False,""
"app1_unit7_7_2_q6.png",ERROR,"",0,False,""
"app1_unit7_7_2_q7.png",ERROR,"",0,False,""
"app1_unit7_7_2_q8.png",ERROR,"",0,False,""
"app1_unit7_7_2_q9.png",ERROR,"",0,False,""
"app1_unit7_7_3_q1.png",ERROR,"",0,False,""
"app1_unit7_7_3_q2.png",ERROR,"",0,False,""
"app1_unit7_7_3_q3.png",ERROR,"",0,False,""
"app1_unit7_7_3_q4.png",ERROR,"",0,False,""
"app1_unit7_7_3_q5.png",ERROR,"",0,False,""
"app1_unit7_7_3_q6.png",ERROR,"",0,False,""
"app1_unit7_7_3_q7.png",ERROR,"",0,False,""
"app1_unit7_7_3_q8.png",ERROR,"",0,False,""
"app1_unit7_7_3_q9.png",ERROR,"",0,False,""
"app1_unit7_7_4_q1.png",ERROR,"",0,False,""
"app1_unit7_7_4_q2.png",ERROR,"",0,False,""
"app1_unit7_7_4_q3.png",ERROR,"",0,False,""
"app1_unit7_7_4_q4.png",ERROR,"",0,False,""
"app1_unit7_7_4_q5.png",ERROR,"",0,False,""
"app1_unit7_7_4_q6.png",ERROR,"",0,False,""
"app1_unit7_7_4_q7.png",ERROR,"",0,False,""
"app1_unit7_7_4_q8.png",ERROR,"",0,False,""
"app1_unit7_7_4_q9.png",ERROR,"",0,False,""
"app1_unit7_unit_7_progress_check_q1.png",ERROR,"",0,False,""
"app1_unit7_unit_7_progress_check_q10.png",ERROR,"",0,False,""
"app1_unit7_unit_7_progress_check_q11.png",ERROR,"",0,False,""
"app1_unit7_unit_7_progress_check_q12.png",ERROR,"",0,False,""
"app1_unit7_unit_7_progress_check_q13.png",ERROR,"",0,False,""
"app1_unit7_unit_7_progress_check_q14.png",ERROR,"",0,False,""
"app1_unit7_unit_7_progress_check_q15.png",ERROR,"",0,False,""
"app1_unit7_unit_7_progress_check_q16.png",ERROR,"",0,False,""
"app1_unit7_unit_7_progress_check_q17.png",ERROR,"",0,False,""
"app1_unit7_unit_7_progress_check_q18.png",ERROR,"",0,False,""
"app1_unit7_unit_7_progress_check_q2.png",ERROR,"",0,False,""
"app1_unit7_unit_7_progress_check_q3.png",ERROR,"",0,False,""
"app1_unit7_unit_7_progress_check_q4.png",ERROR,"",0,False,""
"app1_unit7_unit_7_progress_check_q5.png",ERROR,"",0,False,""
"app1_unit7_unit_7_progress_check_q6.png",ERROR,"",0,False,""
"app1_unit7_unit_7_progress_check_q7.png",ERROR,"",0,False,""
"app1_unit7_unit_7_progress_check_q8.png",ERROR,"",0,False,""
"app1_unit7_unit_7_progress_check_q9.png",ERROR,"",0,False,""
"app1_unit8_8_1_q1.png",ERROR,"",0,False,""
"app1_unit8_8_1_q2.png",ERROR,"",0,False,""
"app1_unit8_8_1_q3.png",ERROR,"",0,False,""
"app1_unit8_8_1_q4.png",ERROR,"",0,False,""
"app1_unit8_8_1_q5.png",ERROR,"",0,False,""
"app1_unit8_8_1_q6.png",ERROR,"",0,False,""
"app1_unit8_8_1_q7.png",ERROR,"",0,False,""
"app1_unit8_8_1_q8.png",ERROR,"",0,False,""
"app1_unit8_8_1_q9.png",ERROR,"",0,False,""
"app1_unit8_8_2_q1.png",ERROR,"",0,False,""
"app1_unit8_8_2_q2.png",ERROR,"",0,False,""
"app1_unit8_8_2_q3.png",ERROR,"",0,False,""
"app1_unit8_8_2_q4.png",ERROR,"",0,False,""
"app1_unit8_8_2_q5.png",ERROR,"",0,False,""
"app1_unit8_8_2_q6.png",ERROR,"",0,False,""
"app1_unit8_8_2_q7.png",ERROR,"",0,False,""
"app1_unit8_8_2_q8.png",ERROR,"",0,False,""
"app1_unit8_8_2_q9.png",ERROR,"",0,False,""
"app1_unit8_8_3_q1.png",ERROR,"",0,False,""
"app1_unit8_8_3_q2.png",ERROR,"",0,False,""
"app1_unit8_8_3_q3.png",ERROR,"",0,False,""
"app1_unit8_8_3_q4.png",ERROR,"",0,False,""
"app1_unit8_8_3_q5.png",ERROR,"",0,False,""
"app1_unit8_8_3_q6.png",ERROR,"",0,False,""
"app1_unit8_8_3_q7.png",ERROR,"",0,False,""
"app1_unit8_8_3_q8.png",ERROR,"",0,False,""
"app1_unit8_8_3_q9.png",ERROR,"",0,False,""
"app1_unit8_8_4_q1.png",ERROR,"",0,False,""
"app1_unit8_8_4_q2.png",ERROR,"",0,False,""
"app1_unit8_8_4_q3.png",ERROR,"",0,False,""
"app1_unit8_8_4_q4.png",ERROR,"",0,False,""
"app1_unit8_8_4_q5.png",ERROR,"",0,False,""
"app1_unit8_8_4_q6.png",ERROR,"",0,False,""
"app1_unit8_8_4_q7.png",ERROR,"",0,False,""
"app1_unit8_8_4_q8.png",ERROR,"",0,False,""
"app1_unit8_8_4_q9.png",ERROR,"",0,False,""
"app1_unit8_unit_8_progress_check_q1.png",ERROR,"",0,False,""
"app1_unit8_unit_8_progress_check_q10.png",ERROR,"",0,False,""
"app1_unit8_unit_8_progress_check_q11.png",ERROR,"",0,False,""
"app1_unit8_unit_8_progress_check_q12.png",ERROR,"",0,False,""
"app1_unit8_unit_8_progress_check_q13.png",ERROR,"",0,False,""
"app1_unit8_unit_8_progress_check_q14.png",ERROR,"",0,False,""
"app1_unit8_unit_8_progress_check_q15.png",ERROR,"",0,False,""
"app1_unit8_unit_8_progress_check_q16.png",ERROR,"",0,False,""
"app1_unit8_unit_8_progress_check_q17.png",ERROR,"",0,False,""
"app1_unit8_unit_8_progress_check_q18.png",ERROR,"",0,False,""
"app1_unit8_unit_8_progress_check_q2.png",ERROR,"",0,False,""
"app1_unit8_unit_8_progress_check_q3.png",ERROR,"",0,False,""
"app1_unit8_unit_8_progress_check_q4.png",ERROR,"",0,False,""
"app1_unit8_unit_8_progress_check_q5.png",ERROR,"",0,False,""
"app1_unit8_unit_8_progress_check_q6.png",ERROR,"",0,False,""
"app1_unit8_unit_8_progress_check_q7.png",ERROR,"",0,False,""
"app1_unit8_unit_8_progress_check_q8.png",ERROR,"",0,False,""
"app1_unit8_unit_8_progress_check_q9.png",ERROR,"",0,False,""
"appc_unit1_1_1_q1.png",ERROR,"",0,False,""
"appc_unit1_1_1_q2.png",ERROR,"",0,False,""
"appc_unit1_1_1_q3.png",ERROR,"",0,False,""
"appc_unit1_1_1_q4.png",ERROR,"",0,False,""
"appc_unit1_1_1_q5.png",ERROR,"",0,False,""
"appc_unit1_1_1_q6.png",ERROR,"",0,False,""
"appc_unit1_1_1_q7.png",ERROR,"",0,False,""
"appc_unit1_1_1_q8.png",ERROR,"",0,False,""
"appc_unit1_1_1_q9.png",ERROR,"",0,False,""
"appc_unit1_1_2_q1.png",ERROR,"",0,False,""
"appc_unit1_1_2_q2.png",ERROR,"",0,False,""
"appc_unit1_1_2_q3.png",ERROR,"",0,False,""
"appc_unit1_1_2_q4.png",ERROR,"",0,False,""
"appc_unit1_1_2_q5.png",ERROR,"",0,False,""
"appc_unit1_1_2_q6.png",ERROR,"",0,False,""
"appc_unit1_1_2_q7.png",ERROR,"",0,False,""
"appc_unit1_1_2_q8.png",ERROR,"",0,False,""
"appc_unit1_1_3_q1.png",ERROR,"",0,False,""
"appc_unit1_1_3_q10.png",ERROR,"",0,False,""
"appc_unit1_1_3_q2.png",ERROR,"",0,False,""
"appc_unit1_1_3_q3.png",ERROR,"",0,False,""
"appc_unit1_1_3_q4.png",ERROR,"",0,False,""
"appc_unit1_1_3_q5.png",ERROR,"",0,False,""
"appc_unit1_1_3_q6.png",ERROR,"",0,False,""
"appc_unit1_1_3_q7.png",ERROR,"",0,False,""
"appc_unit1_1_3_q8.png",ERROR,"",0,False,""
"appc_unit1_1_3_q9.png",ERROR,"",0,False,""
"appc_unit1_1_4_q1.png",ERROR,"",0,False,""
"appc_unit1_1_4_q2.png",ERROR,"",0,False,""
"appc_unit1_1_4_q3.png",ERROR,"",0,False,""
"appc_unit1_1_4_q4.png",ERROR,"",0,False,""
"appc_unit1_1_4_q5.png",ERROR,"",0,False,""
"appc_unit1_1_4_q6.png",ERROR,"",0,False,""
"appc_unit1_1_4_q7.png",ERROR,"",0,False,""
"appc_unit1_1_4_q8.png",ERROR,"",0,False,""
"appc_unit1_1_4_q9.png",ERROR,"",0,False,""
"appc_unit1_1_5_q1.png",ERROR,"",0,False,""
"appc_unit1_1_5_q2.png",ERROR,"",0,False,""
"appc_unit1_1_5_q3.png",ERROR,"",0,False,""
"appc_unit1_1_5_q4.png",ERROR,"",0,False,""
"appc_unit1_1_5_q5.png",ERROR,"",0,False,""
"appc_unit1_1_5_q6.png",ERROR,"",0,False,""
"appc_unit1_1_5_q7.png",ERROR,"",0,False,""
"appc_unit1_1_5_q8.png",ERROR,"",0,False,""
"appc_unit1_1_5_q9.png",ERROR,"",0,False,""
"appc_unit1_unit_1_practice_exam_q1.png",ERROR,"",0,False,""
"appc_unit1_unit_1_practice_exam_q10.png",ERROR,"",0,False,""
"appc_unit1_unit_1_practice_exam_q11.png",ERROR,"",0,False,""
"appc_unit1_unit_1_practice_exam_q12.png",ERROR,"",0,False,""
"appc_unit1_unit_1_practice_exam_q2.png",ERROR,"",0,False,""
"appc_unit1_unit_1_practice_exam_q3.png",ERROR,"",0,False,""
"appc_unit1_unit_1_practice_exam_q4.png",ERROR,"",0,False,""
"appc_unit1_unit_1_practice_exam_q5.png",ERROR,"",0,False,""
"appc_unit1_unit_1_practice_exam_q6.png",ERROR,"",0,False,""
"appc_unit1_unit_1_practice_exam_q7.png",ERROR,"",0,False,""
"appc_unit1_unit_1_practice_exam_q8.png",ERROR,"",0,False,""
"appc_unit1_unit_1_practice_exam_q9.png",ERROR,"",0,False,""
"appc_unit1_unit_1_progress_check_q1.png",ERROR,"",0,False,""
"appc_unit1_unit_1_progress_check_q10.png",ERROR,"",0,False,""
"appc_unit1_unit_1_progress_check_q11.png",ERROR,"",0,False,""
"appc_unit1_unit_1_progress_check_q12.png",ERROR,"",0,False,""
"appc_unit1_unit_1_progress_check_q13.png",ERROR,"",0,False,""
"appc_unit1_unit_1_progress_check_q14.png",ERROR,"",0,False,""
"appc_unit1_unit_1_progress_check_q15.png",ERROR,"",0,False,""
"appc_unit1_unit_1_progress_check_q16.png",ERROR,"",0,False,""
"appc_unit1_unit_1_progress_check_q17.png",ERROR,"",0,False,""
"appc_unit1_unit_1_progress_check_q18.png",ERROR,"",0,False,""
"appc_unit1_unit_1_progress_check_q2.png",ERROR,"",0,False,""
"appc_unit1_unit_1_progress_check_q3.png",ERROR,"",0,False,""
"appc_unit1_unit_1_progress_check_q4.png",ERROR,"",0,False,""
"appc_unit1_unit_1_progress_check_q5.png",ERROR,"",0,False,""
"appc_unit1_unit_1_progress_check_q6.png",ERROR,"",0,False,""
"appc_unit1_unit_1_progress_check_q7.png",ERROR,"",0,False,""
"appc_unit1_unit_1_progress_check_q8.png",ERROR,"",0,False,""
"appc_unit1_unit_1_progress_check_q9.png",ERROR,"",0,False,""
"appc_unit2_2_10_q1.png",ERROR,"",0,False,""
"appc_unit2_2_10_q2.png",ERROR,"",0,False,""
"appc_unit2_2_10_q3.png",ERROR,"",0,False,""
"appc_unit2_2_10_q4.png",ERROR,"",0,False,""
"appc_unit2_2_10_q5.png",ERROR,"",0,False,""
"appc_unit2_2_10_q6.png",ERROR,"",0,False,""
"appc_unit2_2_10_q7.png",ERROR,"",0,False,""
"appc_unit2_2_10_q8.png",ERROR,"",0,False,""
"appc_unit2_2_10_q9.png",ERROR,"",0,False,""
"appc_unit2_2_1_q1.png",ERROR,"",0,False,""
"appc_unit2_2_1_q2.png",ERROR,"",0,False,""
"appc_unit2_2_1_q3.png",ERROR,"",0,False,""
"appc_unit2_2_1_q4.png",ERROR,"",0,False,""
"appc_unit2_2_1_q5.png",ERROR,"",0,False,""
"appc_unit2_2_1_q6.png",ERROR,"",0,False,""
"appc_unit2_2_1_q7.png",ERROR,"",0,False,""
"appc_unit2_2_1_q8.png",ERROR,"",0,False,""
"appc_unit2_2_1_q9.png",ERROR,"",0,False,""
"appc_unit2_2_2_q1.png",ERROR,"",0,False,""
"appc_unit2_2_2_q2.png",ERROR,"",0,False,""
"appc_unit2_2_2_q3.png",ERROR,"",0,False,""
"appc_unit2_2_2_q4.png",ERROR,"",0,False,""
"appc_unit2_2_2_q5.png",ERROR,"",0,False,""
"appc_unit2_2_2_q6.png",ERROR,"",0,False,""
"appc_unit2_2_2_q7.png",ERROR,"",0,False,""
"appc_unit2_2_2_q8.png",ERROR,"",0,False,""
"appc_unit2_2_2_q9.png",ERROR,"",0,False,""
"appc_unit2_2_3_q1.png",ERROR,"",0,False,""
"appc_unit2_2_3_q2.png",ERROR,"",0,False,""
"appc_unit2_2_3_q3.png",ERROR,"",0,False,""
"appc_unit2_2_3_q4.png",ERROR,"",0,False,""
"appc_unit2_2_3_q5.png",ERROR,"",0,False,""
"appc_unit2_2_3_q6.png",ERROR,"",0,False,""
"appc_unit2_2_3_q7.png",ERROR,"",0,False,""
"appc_unit2_2_3_q8.png",ERROR,"",0,False,""
"appc_unit2_2_3_q9.png",ERROR,"",0,False,""
"appc_unit2_2_4_q1.png",ERROR,"",0,False,""
"appc_unit2_2_4_q2.png",ERROR,"",0,False,""
"appc_unit2_2_4_q3.png",ERROR,"",0,False,""
"appc_unit2_2_4_q4.png",ERROR,"",0,False,""
"appc_unit2_2_4_q5.png",ERROR,"",0,False,""
"appc_unit2_2_4_q6.png",ERROR,"",0,False,""
"appc_unit2_2_4_q7.png",ERROR,"",0,False,""
"appc_unit2_2_4_q8.png",ERROR,"",0,False,""
"appc_unit2_2_4_q9.png",ERROR,"",0,False,""
"appc_unit2_2_5_q1.png",ERROR,"",0,False,""
"appc_unit2_2_5_q2.png",ERROR,"",0,False,""
"appc_unit2_2_5_q3.png",ERROR,"",0,False,""
"appc_unit2_2_5_q4.png",ERROR,"",0,False,""
"appc_unit2_2_5_q5.png",ERROR,"",0,False,""
"appc_unit2_2_5_q6.png",ERROR,"",0,False,""
"appc_unit2_2_5_q7.png",ERROR,"",0,False,""
"appc_unit2_2_5_q8.png",ERROR,"",0,False,""
"appc_unit2_2_5_q9.png",ERROR,"",0,False,""
"appc_unit2_2_6_q1.png",ERROR,"",0,False,""
"appc_unit2_2_6_q2.png",ERROR,"",0,False,""
"appc_unit2_2_6_q3.png",ERROR,"",0,False,""
"appc_unit2_2_6_q4.png",ERROR,"",0,False,""
"appc_unit2_2_6_q5.png",ERROR,"",0,False,""
"appc_unit2_2_6_q6.png",ERROR,"",0,False,""
"appc_unit2_2_6_q7.png",ERROR,"",0,False,""
"appc_unit2_2_6_q8.png",ERROR,"",0,False,""
"appc_unit2_2_6_q9.png",ERROR,"",0,False,""
"appc_unit2_2_7_q1.png",ERROR,"",0,False,""
"appc_unit2_2_7_q2.png",ERROR,"",0,False,""
"appc_unit2_2_7_q3.png",ERROR,"",0,False,""
"appc_unit2_2_7_q4.png",ERROR,"",0,False,""
"appc_unit2_2_7_q5.png",ERROR,"",0,False,""
"appc_unit2_2_7_q6.png",ERROR,"",0,False,""
"appc_unit2_2_7_q7.png",ERROR,"",0,False,""
"appc_unit2_2_7_q8.png",ERROR,"",0,False,""
"appc_unit2_2_7_q9.png",ERROR,"",0,False,""
"appc_unit2_2_8_q1.png",ERROR,"",0,False,""
"appc_unit2_2_8_q2.png",ERROR,"",0,False,""
"appc_unit2_2_8_q3.png",ERROR,"",0,False,""
"appc_unit2_2_8_q4.png",ERROR,"",0,False,""
"appc_unit2_2_8_q5.png",ERROR,"",0,False,""
"appc_unit2_2_8_q6.png",ERROR,"",0,False,""
"appc_unit2_2_8_q7.png",ERROR,"",0,False,""
"appc_unit2_2_8_q8.png",ERROR,"",0,False,""
"appc_unit2_2_8_q9.png",ERROR,"",0,False,""
"appc_unit2_2_9_q1.png",ERROR,"",0,False,""
"appc_unit2_2_9_q2.png",ERROR,"",0,False,""
"appc_unit2_2_9_q3.png",ERROR,"",0,False,""
"appc_unit2_2_9_q4.png",ERROR,"",0,False,""
"appc_unit2_2_9_q5.png",ERROR,"",0,False,""
"appc_unit2_2_9_q6.png",ERROR,"",0,False,""
"appc_unit2_2_9_q7.png",ERROR,"",0,False,""
"appc_unit2_2_9_q8.png",ERROR,"",0,False,""
"appc_unit2_2_9_q9.png",ERROR,"",0,False,""
"appc_unit2_unit_2_progress_check_q1.png",ERROR,"",0,False,""
"appc_unit2_unit_2_progress_check_q10.png",ERROR,"",0,False,""
"appc_unit2_unit_2_progress_check_q11.png",ERROR,"",0,False,""
"appc_unit2_unit_2_progress_check_q12.png",ERROR,"",0,False,""
"appc_unit2_unit_2_progress_check_q13.png",ERROR,"",0,False,""
"appc_unit2_unit_2_progress_check_q14.png",ERROR,"",0,False,""
"appc_unit2_unit_2_progress_check_q15.png",ERROR,"",0,False,""
"appc_unit2_unit_2_progress_check_q2.png",ERROR,"",0,False,""
"appc_unit2_unit_2_progress_check_q3.png",ERROR,"",0,False,""
"appc_unit2_unit_2_progress_check_q4.png",ERROR,"",0,False,""
"appc_unit2_unit_2_progress_check_q5.png",ERROR,"",0,False,""
"appc_unit2_unit_2_progress_check_q6.png",ERROR,"",0,False,""
"appc_unit2_unit_2_progress_check_q7.png",ERROR,"",0,False,""
"appc_unit2_unit_2_progress_check_q8.png",ERROR,"",0,False,""
"appc_unit2_unit_2_progress_check_q9.png",ERROR,"",0,False,""
"appc_unit3_3_1_q1.png",ERROR,"",0,False,""
"appc_unit3_3_1_q2.png",ERROR,"",0,False,""
"appc_unit3_3_1_q3.png",ERROR,"",0,False,""
"appc_unit3_3_1_q4.png",ERROR,"",0,False,""
"appc_unit3_3_1_q5.png",ERROR,"",0,False,""
"appc_unit3_3_1_q6.png",ERROR,"",0,False,""
"appc_unit3_3_1_q7.png",ERROR,"",0,False,""
"appc_unit3_3_1_q8.png",ERROR,"",0,False,""
"appc_unit3_3_1_q9.png",ERROR,"",0,False,""
"appc_unit3_3_2_q1.png",ERROR,"",0,False,""
"appc_unit3_3_2_q2.png",ERROR,"",0,False,""
"appc_unit3_3_2_q3.png",ERROR,"",0,False,""
"appc_unit3_3_2_q4.png",ERROR,"",0,False,""
"appc_unit3_3_2_q5.png",ERROR,"",0,False,""
"appc_unit3_3_2_q6.png",ERROR,"",0,False,""
"appc_unit3_3_2_q7.png",ERROR,"",0,False,""
"appc_unit3_3_2_q8.png",ERROR,"",0,False,""
"appc_unit3_3_2_q9.png",ERROR,"",0,False,""
"appc_unit3_3_3_q1.png",ERROR,"",0,False,""
"appc_unit3_3_3_q2.png",ERROR,"",0,False,""
"appc_unit3_3_3_q3.png",ERROR,"",0,False,""
"appc_unit3_3_3_q4.png",ERROR,"",0,False,""
"appc_unit3_3_3_q5.png",ERROR,"",0,False,""
"appc_unit3_3_3_q6.png",ERROR,"",0,False,""
"appc_unit3_3_3_q7.png",ERROR,"",0,False,""
"appc_unit3_3_3_q8.png",ERROR,"",0,False,""
"appc_unit3_3_3_q9.png",ERROR,"",0,False,""
"appc_unit3_3_4_q1.png",ERROR,"",0,False,""
"appc_unit3_3_4_q2.png",ERROR,"",0,False,""
"appc_unit3_3_4_q3.png",ERROR,"",0,False,""
"appc_unit3_3_4_q4.png",ERROR,"",0,False,""
"appc_unit3_3_4_q5.png",ERROR,"",0,False,""
"appc_unit3_3_4_q6.png",ERROR,"",0,False,""
"appc_unit3_3_4_q7.png",ERROR,"",0,False,""
"appc_unit3_3_4_q8.png",ERROR,"",0,False,""
"appc_unit3_3_4_q9.png",ERROR,"",0,False,""
"appc_unit3_3_5_q1.png",ERROR,"",0,False,""
"appc_unit3_3_5_q2.png",ERROR,"",0,False,""
"appc_unit3_3_5_q3.png",ERROR,"",0,False,""
"appc_unit3_3_5_q4.png",ERROR,"",0,False,""
"appc_unit3_3_5_q5.png",ERROR,"",0,False,""
"appc_unit3_3_5_q6.png",ERROR,"",0,False,""
"appc_unit3_3_5_q7.png",ERROR,"",0,False,""
"appc_unit3_3_5_q8.png",ERROR,"",0,False,""
"appc_unit3_3_5_q9.png",ERROR,"",0,False,""
"appc_unit3_unit_3_progress_check_q1.png",ERROR,"",0,False,""
"appc_unit3_unit_3_progress_check_q10.png",ERROR,"",0,False,""
"appc_unit3_unit_3_progress_check_q11.png",ERROR,"",0,False,""
"appc_unit3_unit_3_progress_check_q12.png",ERROR,"",0,False,""
"appc_unit3_unit_3_progress_check_q13.png",ERROR,"",0,False,""
"appc_unit3_unit_3_progress_check_q14.png",ERROR,"",0,False,""
"appc_unit3_unit_3_progress_check_q15.png",ERROR,"",0,False,""
"appc_unit3_unit_3_progress_check_q16.png",ERROR,"",0,False,""
"appc_unit3_unit_3_progress_check_q17.png",ERROR,"",0,False,""
"appc_unit3_unit_3_progress_check_q18.png",ERROR,"",0,False,""
"appc_unit3_unit_3_progress_check_q2.png",ERROR,"",0,False,""
"appc_unit3_unit_3_progress_check_q3.png",ERROR,"",0,False,""
"appc_unit3_unit_3_progress_check_q4.png",ERROR,"",0,False,""
"appc_unit3_unit_3_progress_check_q5.png",ERROR,"",0,False,""
"appc_unit3_unit_3_progress_check_q6.png",ERROR,"",0,False,""
"appc_unit3_unit_3_progress_check_q7.png",ERROR,"",0,False,""
"appc_unit3_unit_3_progress_check_q8.png",ERROR,"",0,False,""
"appc_unit3_unit_3_progress_check_q9.png",ERROR,"",0,False,""
"appc_unit4_4_1_q1.png",ERROR,"",0,False,""
"appc_unit4_4_1_q2.png",ERROR,"",0,False,""
"appc_unit4_4_1_q3.png",ERROR,"",0,False,""
"appc_unit4_4_1_q4.png",ERROR,"",0,False,""
"appc_unit4_4_1_q5.png",ERROR,"",0,False,""
"appc_unit4_4_1_q6.png",ERROR,"",0,False,""
"appc_unit4_4_1_q7.png",ERROR,"",0,False,""
"appc_unit4_4_1_q8.png",ERROR,"",0,False,""
"appc_unit4_4_1_q9.png",ERROR,"",0,False,""
"appc_unit4_4_2_q1.png",ERROR,"",0,False,""
"appc_unit4_4_2_q2.png",ERROR,"",0,False,""
"appc_unit4_4_2_q3.png",ERROR,"",0,False,""
"appc_unit4_4_2_q4.png",ERROR,"",0,False,""
"appc_unit4_4_2_q5.png",ERROR,"",0,False,""
"appc_unit4_4_2_q6.png",ERROR,"",0,False,""
"appc_unit4_4_2_q7.png",ERROR,"",0,False,""
"appc_unit4_4_2_q8.png",ERROR,"",0,False,""
"appc_unit4_4_2_q9.png",ERROR,"",0,False,""
"appc_unit4_4_3_q1.png",ERROR,"",0,False,""
"appc_unit4_4_3_q2.png",ERROR,"",0,False,""
"appc_unit4_4_3_q3.png",ERROR,"",0,False,""
"appc_unit4_4_3_q4.png",ERROR,"",0,False,""
"appc_unit4_4_3_q5.png",ERROR,"",0,False,""
"appc_unit4_4_3_q6.png",ERROR,"",0,False,""
"appc_unit4_4_3_q7.png",ERROR,"",0,False,""
"appc_unit4_4_3_q8.png",ERROR,"",0,False,""
"appc_unit4_4_3_q9.png",ERROR,"",0,False,""
"appc_unit4_4_4_q1.png",ERROR,"",0,False,""
"appc_unit4_4_4_q2.png",ERROR,"",0,False,""
"appc_unit4_4_4_q3.png",ERROR,"",0,False,""
"appc_unit4_4_4_q4.png",ERROR,"",0,False,""
"appc_unit4_4_4_q5.png",ERROR,"",0,False,""
"appc_unit4_4_4_q6.png",ERROR,"",0,False,""
"appc_unit4_4_4_q7.png",ERROR,"",0,False,""
"appc_unit4_4_4_q8.png",ERROR,"",0,False,""
"appc_unit4_4_4_q9.png",ERROR,"",0,False,""
"appc_unit4_unit_4_progress_check_q1.png",ERROR,"",0,False,""
"appc_unit4_unit_4_progress_check_q10.png",ERROR,"",0,False,""
"appc_unit4_unit_4_progress_check_q11.png",ERROR,"",0,False,""
"appc_unit4_unit_4_progress_check_q12.png",ERROR,"",0,False,""
"appc_unit4_unit_4_progress_check_q13.png",ERROR,"",0,False,""
"appc_unit4_unit_4_progress_check_q14.png",ERROR,"",0,False,""
"appc_unit4_unit_4_progress_check_q15.png",ERROR,"",0,False,""
"appc_unit4_unit_4_progress_check_q16.png",ERROR,"",0,False,""
"appc_unit4_unit_4_progress_check_q17.png",ERROR,"",0,False,""
"appc_unit4_unit_4_progress_check_q18.png",ERROR,"",0,False,""
"appc_unit4_unit_4_progress_check_q2.png",ERROR,"",0,False,""
"appc_unit4_unit_4_progress_check_q3.png",ERROR,"",0,False,""
"appc_unit4_unit_4_progress_check_q4.png",ERROR,"",0,False,""
"appc_unit4_unit_4_progress_check_q5.png",ERROR,"",0,False,""
"appc_unit4_unit_4_progress_check_q6.png",ERROR,"",0,False,""
"appc_unit4_unit_4_progress_check_q7.png",ERROR,"",0,False,""
"appc_unit4_unit_4_progress_check_q8.png",ERROR,"",0,False,""
"appc_unit4_unit_4_progress_check_q9.png",ERROR,"",0,False,""
"appc_unit4_unit_test_mcq_quiz_q1.png",ERROR,"",0,False,""
"appc_unit4_unit_test_mcq_quiz_q10.png",ERROR,"",0,False,""
"appc_unit4_unit_test_mcq_quiz_q11.png",ERROR,"",0,False,""
"appc_unit4_unit_test_mcq_quiz_q12.png",ERROR,"",0,False,""
"appc_unit4_unit_test_mcq_quiz_q16.png",ERROR,"",0,False,""
"appc_unit4_unit_test_mcq_quiz_q17.png",ERROR,"",0,False,""
"appc_unit4_unit_test_mcq_quiz_q3.png",ERROR,"",0,False,""
"appc_unit4_unit_test_mcq_quiz_q5.png",ERROR,"",0,False,""
"appc_unit4_unit_test_mcq_quiz_q8.png",ERROR,"",0,False,""
"appc_unit5_5_1_q1.png",ERROR,"",0,False,""
"appc_unit5_5_1_q2.png",ERROR,"",0,False,""
"appc_unit5_5_1_q3.png",ERROR,"",0,False,""
"appc_unit5_5_1_q4.png",ERROR,"",0,False,""
"appc_unit5_5_1_q5.png",ERROR,"",0,False,""
"appc_unit5_5_1_q6.png",ERROR,"",0,False,""
"appc_unit5_5_1_q7.png",ERROR,"",0,False,""
"appc_unit5_5_1_q8.png",ERROR,"",0,False,""
"appc_unit5_5_1_q9.png",ERROR,"",0,False,""
"appc_unit5_5_2_q1.png",ERROR,"",0,False,""
"appc_unit5_5_2_q2.png",ERROR,"",0,False,""
"appc_unit5_5_2_q3.png",ERROR,"",0,False,""
"appc_unit5_5_2_q4.png",ERROR,"",0,False,""
"appc_unit5_5_2_q5.png",ERROR,"",0,False,""
"appc_unit5_5_2_q6.png",ERROR,"",0,False,""
"appc_unit5_5_2_q7.png",ERROR,"",0,False,""
"appc_unit5_5_2_q8.png",ERROR,"",0,False,""
"appc_unit5_5_2_q9.png",ERROR,"",0,False,""
"appc_unit5_5_3_q1.png",ERROR,"",0,False,""
"appc_unit5_5_3_q2.png",ERROR,"",0,False,""
"appc_unit5_5_3_q3.png",ERROR,"",0,False,""
"appc_unit5_5_3_q4.png",ERROR,"",0,False,""
"appc_unit5_5_3_q5.png",ERROR,"",0,False,""
"appc_unit5_5_3_q6.png",ERROR,"",0,False,""
"appc_unit5_5_3_q7.png",ERROR,"",0,False,""
"appc_unit5_5_3_q8.png",ERROR,"",0,False,""
"appc_unit5_5_3_q9.png",ERROR,"",0,False,""
"appc_unit5_5_4_q1.png",ERROR,"",0,False,""
"appc_unit5_5_4_q2.png",ERROR,"",0,False,""
"appc_unit5_5_4_q3.png",ERROR,"",0,False,""
"appc_unit5_5_4_q4.png",ERROR,"",0,False,""
"appc_unit5_5_4_q5.png",ERROR,"",0,False,""
"appc_unit5_5_4_q6.png",ERROR,"",0,False,""
"appc_unit5_5_4_q7.png",ERROR,"",0,False,""
"appc_unit5_5_4_q8.png",ERROR,"",0,False,""
"appc_unit5_5_4_q9.png",ERROR,"",0,False,""
"appc_unit5_5_5_q1.png",ERROR,"",0,False,""
"appc_unit5_5_5_q2.png",ERROR,"",0,False,""
"appc_unit5_5_5_q3.png",ERROR,"",0,False,""
"appc_unit5_5_5_q4.png",ERROR,"",0,False,""
"appc_unit5_5_5_q5.png",ERROR,"",0,False,""
"appc_unit5_5_5_q6.png",ERROR,"",0,False,""
"appc_unit5_5_5_q7.png",ERROR,"",0,False,""
"appc_unit5_5_5_q8.png",ERROR,"",0,False,""
"appc_unit5_5_5_q9.png",ERROR,"",0,False,""
"appc_unit5_5_6_q1.png",ERROR,"",0,False,""
"appc_unit5_5_6_q2.png",ERROR,"",0,False,""
"appc_unit5_5_6_q3.png",ERROR,"",0,False,""
"appc_unit5_5_6_q4.png",ERROR,"",0,False,""
"appc_unit5_5_6_q5.png",ERROR,"",0,False,""
"appc_unit5_5_6_q6.png",ERROR,"",0,False,""
"appc_unit5_5_6_q7.png",ERROR,"",0,False,""
"appc_unit5_5_6_q8.png",ERROR,"",0,False,""
"appc_unit5_5_6_q9.png",ERROR,"",0,False,""
"appc_unit5_unit_5_progress_check_q1.png",ERROR,"",0,False,""
"appc_unit5_unit_5_progress_check_q10.png",ERROR,"",0,False,""
"appc_unit5_unit_5_progress_check_q11.png",ERROR,"",0,False,""
"appc_unit5_unit_5_progress_check_q12.png",ERROR,"",0,False,""
"appc_unit5_unit_5_progress_check_q13.png",ERROR,"",0,False,""
"appc_unit5_unit_5_progress_check_q14.png",ERROR,"",0,False,""
"appc_unit5_unit_5_progress_check_q15.png",ERROR,"",0,False,""
"appc_unit5_unit_5_progress_check_q16.png",ERROR,"",0,False,""
"appc_unit5_unit_5_progress_check_q17.png",ERROR,"",0,False,""
"appc_unit5_unit_5_progress_check_q18.png",ERROR,"",0,False,""
"appc_unit5_unit_5_progress_check_q2.png",ERROR,"",0,False,""
"appc_unit5_unit_5_progress_check_q3.png",ERROR,"",0,False,""
"appc_unit5_unit_5_progress_check_q4.png",ERROR,"",0,False,""
"appc_unit5_unit_5_progress_check_q5.png",ERROR,"",0,False,""
"appc_unit5_unit_5_progress_check_q6.png",ERROR,"",0,False,""
"appc_unit5_unit_5_progress_check_q7.png",ERROR,"",0,False,""
"appc_unit5_unit_5_progress_check_q8.png",ERROR,"",0,False,""
"appc_unit5_unit_5_progress_check_q9.png",ERROR,"",0,False,""
"appc_unit6_6_1_q1.png",ERROR,"",0,False,""
"appc_unit6_6_1_q2.png",ERROR,"",0,False,""
"appc_unit6_6_1_q3.png",ERROR,"",0,False,""
"appc_unit6_6_1_q4.png",ERROR,"",0,False,""
"appc_unit6_6_1_q5.png",ERROR,"",0,False,""
"appc_unit6_6_1_q6.png",ERROR,"",0,False,""
"appc_unit6_6_1_q7.png",ERROR,"",0,False,""
"appc_unit6_6_1_q8.png",ERROR,"",0,False,""
"appc_unit6_6_1_q9.png",ERROR,"",0,False,""
"appc_unit6_6_2_q1.png",ERROR,"",0,False,""
"appc_unit6_6_2_q2.png",ERROR,"",0,False,""
"appc_unit6_6_2_q3.png",ERROR,"",0,False,""
"appc_unit6_6_2_q4.png",ERROR,"",0,False,""
"appc_unit6_6_2_q5.png",ERROR,"",0,False,""
"appc_unit6_6_2_q6.png",ERROR,"",0,False,""
"appc_unit6_6_2_q7.png",ERROR,"",0,False,""
"appc_unit6_6_2_q8.png",ERROR,"",0,False,""
"appc_unit6_6_2_q9.png",ERROR,"",0,False,""
"appc_unit6_6_3_q1.png",ERROR,"",0,False,""
"appc_unit6_6_3_q2.png",ERROR,"",0,False,""
"appc_unit6_6_3_q3.png",ERROR,"",0,False,""
"appc_unit6_6_3_q4.png",ERROR,"",0,False,""
"appc_unit6_6_3_q5.png",ERROR,"",0,False,""
"appc_unit6_6_3_q6.png",ERROR,"",0,False,""
"appc_unit6_6_3_q7.png",ERROR,"",0,False,""
"appc_unit6_6_3_q8.png",ERROR,"",0,False,""
"appc_unit6_6_3_q9.png",ERROR,"",0,False,""
"appc_unit6_6_4_q1.png",ERROR,"",0,False,""
"appc_unit6_6_4_q2.png",ERROR,"",0,False,""
"appc_unit6_6_4_q3.png",ERROR,"",0,False,""
"appc_unit6_6_4_q4.png",ERROR,"",0,False,""
"appc_unit6_6_4_q5.png",ERROR,"",0,False,""
"appc_unit6_6_4_q6.png",ERROR,"",0,False,""
"appc_unit6_6_4_q7.png",ERROR,"",0,False,""
"appc_unit6_6_4_q8.png",ERROR,"",0,False,""
"appc_unit6_6_4_q9.png",ERROR,"",0,False,""
"appc_unit6_6_5_q1.png",ERROR,"",0,False,""
"appc_unit6_6_5_q2.png",ERROR,"",0,False,""
"appc_unit6_6_5_q3.png",ERROR,"",0,False,""
"appc_unit6_6_5_q4.png",ERROR,"",0,False,""
"appc_unit6_6_5_q5.png",ERROR,"",0,False,""
"appc_unit6_6_5_q6.png",ERROR,"",0,False,""
"appc_unit6_6_5_q7.png",ERROR,"",0,False,""
"appc_unit6_6_5_q8.png",ERROR,"",0,False,""
"appc_unit6_6_5_q9.png",ERROR,"",0,False,""
"appc_unit6_6_6_q1.png",ERROR,"",0,False,""
"appc_unit6_6_6_q2.png",ERROR,"",0,False,""
"appc_unit6_6_6_q3.png",ERROR,"",0,False,""
"appc_unit6_6_6_q4.png",ERROR,"",0,False,""
"appc_unit6_6_6_q5.png",ERROR,"",0,False,""
"appc_unit6_6_6_q6.png",ERROR,"",0,False,""
"appc_unit6_6_6_q7.png",ERROR,"",0,False,""
"appc_unit6_6_6_q8.png",ERROR,"",0,False,""
"appc_unit6_6_6_q9.png",ERROR,"",0,False,""
"appc_unit6_unit_6_progress_check_q1.png",ERROR,"",0,False,""
"appc_unit6_unit_6_progress_check_q10.png",ERROR,"",0,False,""
"appc_unit6_unit_6_progress_check_q11.png",ERROR,"",0,False,""
"appc_unit6_unit_6_progress_check_q12.png",ERROR,"",0,False,""
"appc_unit6_unit_6_progress_check_q13.png",ERROR,"",0,False,""
"appc_unit6_unit_6_progress_check_q14.png",ERROR,"",0,False,""
"appc_unit6_unit_6_progress_check_q15.png",ERROR,"",0,False,""
"appc_unit6_unit_6_progress_check_q16.png",ERROR,"",0,False,""
"appc_unit6_unit_6_progress_check_q17.png",ERROR,"",0,False,""
"appc_unit6_unit_6_progress_check_q18.png",ERROR,"",0,False,""
"appc_unit6_unit_6_progress_check_q2.png",ERROR,"",0,False,""
"appc_unit6_unit_6_progress_check_q3.png",ERROR,"",0,False,""
"appc_unit6_unit_6_progress_check_q4.png",ERROR,"",0,False,""
"appc_unit6_unit_6_progress_check_q5.png",ERROR,"",0,False,""
"appc_unit6_unit_6_progress_check_q6.png",ERROR,"",0,False,""
"appc_unit6_unit_6_progress_check_q7.png",ERROR,"",0,False,""
"appc_unit6_unit_6_progress_check_q8.png",ERROR,"",0,False,""
"appc_unit6_unit_6_progress_check_q9.png",ERROR,"",0,False,""
"appc_unit7_7_1_q1.png",ERROR,"",0,False,""
"appc_unit7_7_1_q2.png",ERROR,"",0,False,""
"appc_unit7_7_1_q3.png",ERROR,"",0,False,""
"appc_unit7_7_1_q4.png",ERROR,"",0,False,""
"appc_unit7_7_1_q5.png",ERROR,"",0,False,""
"appc_unit7_7_1_q6.png",ERROR,"",0,False,""
"appc_unit7_7_1_q7.png",ERROR,"",0,False,""
"appc_unit7_7_1_q8.png",ERROR,"",0,False,""
"appc_unit7_7_1_q9.png",ERROR,"",0,False,""
"appc_unit7_7_2_q1.png",ERROR,"",0,False,""
"appc_unit7_7_2_q2.png",ERROR,"",0,False,""
"appc_unit7_7_2_q3.png",ERROR,"",0,False,""
"appc_unit7_7_2_q4.png",ERROR,"",0,False,""
"appc_unit7_7_2_q5.png",ERROR,"",0,False,""
"appc_unit7_7_2_q6.png",ERROR,"",0,False,""
"appc_unit7_7_2_q7.png",ERROR,"",0,False,""
"appc_unit7_7_2_q8.png",ERROR,"",0,False,""
"appc_unit7_7_2_q9.png",ERROR,"",0,False,""
"appc_unit7_7_3_q1.png",ERROR,"",0,False,""
"appc_unit7_7_3_q2.png",ERROR,"",0,False,""
"appc_unit7_7_3_q3.png",ERROR,"",0,False,""
"appc_unit7_7_3_q4.png",ERROR,"",0,False,""
"appc_unit7_7_3_q5.png",ERROR,"",0,False,""
"appc_unit7_7_3_q6.png",ERROR,"",0,False,""
"appc_unit7_7_3_q7.png",ERROR,"",0,False,""
"appc_unit7_7_3_q8.png",ERROR,"",0,False,""
"appc_unit7_7_3_q9.png",ERROR,"",0,False,""
"appc_unit7_7_4_q1.png",ERROR,"",0,False,""
"appc_unit7_7_4_q2.png",ERROR,"",0,False,""
"appc_unit7_7_4_q3.png",ERROR,"",0,False,""
"appc_unit7_7_4_q4.png",ERROR,"",0,False,""
"appc_unit7_7_4_q5.png",ERROR,"",0,False,""
"appc_unit7_7_4_q6.png",ERROR,"",0,False,""
"appc_unit7_7_4_q7.png",ERROR,"",0,False,""
"appc_unit7_7_4_q8.png",ERROR,"",0,False,""
"appc_unit7_7_4_q9.png",ERROR,"",0,False,""
"appc_unit7_7_5_q1.png",ERROR,"",0,False,""
"appc_unit7_7_5_q2.png",ERROR,"",0,False,""
"appc_unit7_7_5_q3.png",ERROR,"",0,False,""
"appc_unit7_7_5_q4.png",ERROR,"",0,False,""
"appc_unit7_7_5_q5.png",ERROR,"",0,False,""
"appc_unit7_7_5_q6.png",ERROR,"",0,False,""
"appc_unit7_7_5_q7.png",ERROR,"",0,False,""
"appc_unit7_7_5_q8.png",ERROR,"",0,False,""
"appc_unit7_7_5_q9.png",ERROR,"",0,False,""
"appc_unit7_unit_7_progress_check_q1.png",ERROR,"",0,False,""
"appc_unit7_unit_7_progress_check_q10.png",ERROR,"",0,False,""
"appc_unit7_unit_7_progress_check_q11.png",ERROR,"",0,False,""
"appc_unit7_unit_7_progress_check_q12.png",ERROR,"",0,False,""
"appc_unit7_unit_7_progress_check_q13.png",ERROR,"",0,False,""
"appc_unit7_unit_7_progress_check_q14.png",ERROR,"",0,False,""
"appc_unit7_unit_7_progress_check_q15.png",ERROR,"",0,False,""
"appc_unit7_unit_7_progress_check_q16.png",ERROR,"",0,False,""
"appc_unit7_unit_7_progress_check_q17.png",ERROR,"",0,False,""
"appc_unit7_unit_7_progress_check_q18.png",ERROR,"",0,False,""
"appc_unit7_unit_7_progress_check_q2.png",ERROR,"",0,False,""
"appc_unit7_unit_7_progress_check_q3.png",ERROR,"",0,False,""
"appc_unit7_unit_7_progress_check_q4.png",ERROR,"",0,False,""
"appc_unit7_unit_7_progress_check_q5.png",ERROR,"",0,False,""
"appc_unit7_unit_7_progress_check_q6.png",ERROR,"",0,False,""
"appc_unit7_unit_7_progress_check_q7.png",ERROR,"",0,False,""
"appc_unit7_unit_7_progress_check_q8.png",ERROR,"",0,False,""
"appc_unit7_unit_7_progress_check_q9.png",ERROR,"",0,False,""
"test_app1_1_1_q1.png",ERROR,"",0,False,""
"test_app1_1_1_q2.png",ERROR,"",0,False,""
"test_app1_1_1_q3.png",ERROR,"",0,False,""
"test_app1_1_1_q4.png",ERROR,"",0,False,""
"test_app1_1_1_q5.png",ERROR,"",0,False,""
"test_app1_1_1_q6.png",ERROR,"",0,False,""
"test_app1_1_1_q7.png",ERROR,"",0,False,""
"test_app1_1_1_q8.png",ERROR,"",0,False,""
"test_app1_1_1_q9.png",ERROR,"",0,False,""
"TEST_q1.png",ERROR,"",0,False,""
"TEST_q10.png",ERROR,"",0,False,""
"TEST_q11.png",ERROR,"",0,False,""
"TEST_q12.png",ERROR,"",0,False,""
"TEST_q13.png",ERROR,"",0,False,""
"TEST_q14.png",ERROR,"",0,False,""
"TEST_q15.png",ERROR,"",0,False,""
"TEST_q16.png",ERROR,"",0,False,""
"TEST_q17.png",ERROR,"",0,False,""
"TEST_q18.png",ERROR,"",0,False,""
"TEST_q2.png",ERROR,"",0,False,""
"TEST_q3.png",ERROR,"",0,False,""
"TEST_q4.png",ERROR,"",0,False,""
"TEST_q5.png",ERROR,"",0,False,""
"TEST_q6.png",ERROR,"",0,False,""
"TEST_q7.png",ERROR,"",0,False,""
"TEST_q8.png",ERROR,"",0,False,""
"TEST_q9.png",ERROR,"",0,False,""
"test_unit1_test_q1.png",ERROR,"",0,False,""
"test_unit1_test_q10.png",ERROR,"",0,False,""
"test_unit1_test_q11.png",ERROR,"",0,False,""
"test_unit1_test_q12.png",ERROR,"",0,False,""
"test_unit1_test_q13.png",ERROR,"",0,False,""
"test_unit1_test_q2.png",ERROR,"",0,False,""
"test_unit1_test_q3.png",ERROR,"",0,False,""
"test_unit1_test_q4.png",ERROR,"",0,False,""
"test_unit1_test_q5.png",ERROR,"",0,False,""
"test_unit1_test_q6.png",ERROR,"",0,False,""
"test_unit1_test_q7.png",ERROR,"",0,False,""
"test_unit1_test_q8.png",ERROR,"",0,False,""
"test_unit1_test_q9.png",ERROR,"",0,False,""
"X_q1.png",ERROR,"",0,False,""
"X_q10.png",ERROR,"",0,False,""
"X_q11.png",ERROR,"",0,False,""
"X_q12.png",ERROR,"",0,False,""
"X_q13.png",ERROR,"",0,False,""
"X_q14.png",ERROR,"",0,False,""
"X_q15.png",ERROR,"",0,False,""
"X_q16.png",ERROR,"",0,False,""
"X_q17.png",ERROR,"",0,False,""
"X_q18.png",ERROR,"",0,False,""
"X_q19.png",ERROR,"",0,False,""
"X_q2.png",ERROR,"",0,False,""
"X_q20.png",ERROR,"",0,False,""
"X_q21.png",ERROR,"",0,False,""
"X_q22.png",ERROR,"",0,False,""
"X_q23.png",ERROR,"",0,False,""
"X_q24.png",ERROR,"",0,False,""
"X_q25.png",ERROR,"",0,False,""
"X_q26.png",ERROR,"",0,False,""
"X_q27.png",ERROR,"",0,False,""
"X_q28.png",ERROR,"",0,False,""
"X_q29.png",ERROR,"",0,False,""
"X_q3.png",ERROR,"",0,False,""
"X_q30.png",ERROR,"",0,False,""
"X_q4.png",ERROR,"",0,False,""
"X_q5.png",ERROR,"",0,False,""
"X_q6.png",ERROR,"",0,False,""
"X_q7.png",ERROR,"",0,False,""
"X_q8.png",ERROR,"",0,False,""
"X_q9.png",ERROR,"",0,False,""
